{"<global>":{"changepwd":["changepwd"],"changepwd_success":["changepwd_success"],"login":["login"],"menu":["menu"],"userinfo":["userinfo"]},"CatalogService":{"add":["add"],"delete":[],"edit":["edit"],"export":["export"],"import":["import"],"inline_add":[],"inline_edit":[],"list":["list"],"masterlist":["masterlist"],"masterprint":["masterprint"],"print":["print"],"search":["search"],"view":["view"]},"Employees":{"add":["add"],"delete":[],"edit":["edit"],"export":["export"],"import":["import"],"inline_add":[],"inline_edit":[],"list":["list"],"masterlist":["masterlist"],"masterprint":["masterprint"],"print":["print"],"search":["search"],"view":["view"]},"Ihistory":{"add":["add"],"delete":[],"edit":["edit"],"export":["export"],"import":["import"],"inline_add":[],"inline_edit":[],"list":["list"],"print":["print"],"search":["search"],"view":["view"]},"Incident":{"add":["add"],"delete":[],"edit":["edit"],"export":["export"],"import":["import"],"inline_add":[],"inline_edit":[],"list":["list"],"masterlist":["masterlist"],"masterprint":["masterprint"],"print":["print"],"search":["search"],"view":["view"]},"Influence":{"add":["add"],"delete":[],"edit":["edit"],"export":["export"],"import":["import"],"inline_add":[],"inline_edit":[],"list":["list"],"masterlist":["masterlist"],"masterprint":["masterprint"],"print":["print"],"search":["search"],"view":["view"]},"InfoBase":{"add":["add"],"delete":[],"edit":["edit"],"export":["export"],"import":["import"],"inline_add":[],"inline_edit":[],"list":["list"],"print":["print"],"search":["search"],"view":["view"]},"My Incident":{"add":["add"],"delete":[],"edit":["edit"],"export":["export"],"import":["import"],"inline_add":[],"inline_edit":[],"list":["list"],"masterlist":["masterlist"],"masterprint":["masterprint"],"print":["print"],"search":["search"],"view":["view"]},"Organization":{"add":["add"],"delete":[],"edit":["edit"],"export":["export"],"import":["import"],"inline_add":[],"inline_edit":[],"list":["list"],"masterlist":["masterlist"],"masterprint":["masterprint"],"print":["print"],"search":["search"],"view":["view"]},"Permits":{"add":["add"],"delete":[],"edit":["edit"],"export":["export"],"import":["import"],"inline_add":[],"inline_edit":[],"list":["list"],"print":["print"],"search":["search"],"view":["view"]},"Phistory":{"add":["add"],"delete":[],"edit":["edit"],"export":["export"],"import":["import"],"inline_add":[],"inline_edit":[],"list":["list"],"print":["print"],"search":["search"],"view":["view"]},"Priority":{"add":["add"],"delete":[],"edit":["edit"],"export":["export"],"import":["import"],"inline_add":[],"inline_edit":[],"list":["list"],"masterlist":["masterlist"],"masterprint":["masterprint"],"print":["print"],"search":["search"],"view":["view"]},"Problem":{"add":["add"],"delete":[],"edit":["edit"],"export":["export"],"import":["import"],"inline_add":[],"inline_edit":[],"list":["list"],"masterlist":["masterlist"],"masterprint":["masterprint"],"print":["print"],"search":["search"],"view":["view"]},"Roles":{"add":["add"],"delete":[],"edit":["edit"],"export":["export"],"import":["import"],"inline_add":[],"inline_edit":[],"list":["list"],"masterlist":["masterlist"],"masterprint":["masterprint"],"print":["print"],"search":["search"],"view":["view"]},"SLA":{"add":["add"],"delete":[],"edit":["edit"],"export":["export"],"import":["import"],"inline_add":[],"inline_edit":[],"list":["list"],"masterlist":["masterlist"],"masterprint":["masterprint"],"print":["print"],"search":["search"],"view":["view"]},"Service":{"add":["add"],"delete":[],"edit":["edit"],"export":["export"],"import":["import"],"inline_add":[],"inline_edit":[],"list":["list"],"masterlist":["masterlist"],"masterprint":["masterprint"],"print":["print"],"search":["search"],"view":["view"]},"Sourse":{"add":["add"],"delete":[],"edit":["edit"],"export":["export"],"import":["import"],"inline_add":[],"inline_edit":[],"list":["list"],"masterlist":["masterlist"],"masterprint":["masterprint"],"print":["print"],"search":["search"],"view":["view"]},"Status":{"add":["add"],"delete":[],"edit":["edit"],"export":["export"],"import":["import"],"inline_add":[],"inline_edit":[],"list":["list"],"masterlist":["masterlist"],"masterprint":["masterprint"],"print":["print"],"search":["search"],"view":["view"]},"Urgency":{"add":["add"],"delete":[],"edit":["edit"],"export":["export"],"import":["import"],"inline_add":[],"inline_edit":[],"list":["list"],"masterlist":["masterlist"],"masterprint":["masterprint"],"print":["print"],"search":["search"],"view":["view"]}}